filename	acq_time
ieeg/sub-002_task-MachineLearningEEG_run-001_ieeg.vhdr	n/a
ieeg/sub-002_task-MachineLearningEEG_run-002_ieeg.vhdr	n/a
ieeg/sub-002_task-MachineLearningEEG_run-003_ieeg.vhdr	n/a
ieeg/sub-002_task-MachineLearningEEG_run-004_ieeg.vhdr	n/a
ieeg/sub-002_task-MachineLearningEEG_run-005_ieeg.vhdr	n/a
ieeg/sub-002_task-MachineLearningEEG_run-006_ieeg.vhdr	n/a
ieeg/sub-002_task-MachineLearningEEG_run-007_ieeg.vhdr	n/a
ieeg/sub-002_task-MachineLearningEEG_run-008_ieeg.vhdr	n/a
ieeg/sub-002_task-MachineLearningEEG_run-009_ieeg.vhdr	n/a
ieeg/sub-002_task-MachineLearningEEG_run-010_ieeg.vhdr	n/a
ieeg/sub-002_task-MachineLearningEEG_run-011_ieeg.vhdr	n/a
ieeg/sub-002_task-MachineLearningEEG_run-012_ieeg.vhdr	n/a
ieeg/sub-002_task-MachineLearningEEG_run-013_ieeg.vhdr	n/a
ieeg/sub-002_task-MachineLearningEEG_run-014_ieeg.vhdr	n/a
ieeg/sub-002_task-MachineLearningEEG_run-015_ieeg.vhdr	n/a
ieeg/sub-002_task-MachineLearningEEG_run-016_ieeg.vhdr	n/a
ieeg/sub-002_task-MachineLearningEEG_run-017_ieeg.vhdr	n/a
ieeg/sub-002_task-MachineLearningEEG_run-018_ieeg.vhdr	n/a
ieeg/sub-002_task-MachineLearningEEG_run-019_ieeg.vhdr	n/a
ieeg/sub-002_task-MachineLearningEEG_run-020_ieeg.vhdr	n/a
ieeg/sub-002_task-MachineLearningEEG_run-021_ieeg.vhdr	n/a
ieeg/sub-002_task-MachineLearningEEG_run-022_ieeg.vhdr	n/a
ieeg/sub-002_task-MachineLearningEEG_run-023_ieeg.vhdr	n/a
ieeg/sub-002_task-MachineLearningEEG_run-024_ieeg.vhdr	n/a
ieeg/sub-002_task-MachineLearningEEG_run-025_ieeg.vhdr	n/a
ieeg/sub-002_task-MachineLearningEEG_run-026_ieeg.vhdr	n/a
ieeg/sub-002_task-MachineLearningEEG_run-027_ieeg.vhdr	n/a
ieeg/sub-002_task-MachineLearningEEG_run-028_ieeg.vhdr	n/a
ieeg/sub-002_task-MachineLearningEEG_run-029_ieeg.vhdr	n/a
ieeg/sub-002_task-MachineLearningEEG_run-030_ieeg.vhdr	n/a
ieeg/sub-002_task-MachineLearningEEG_run-031_ieeg.vhdr	n/a
ieeg/sub-002_task-MachineLearningEEG_run-032_ieeg.vhdr	n/a
ieeg/sub-002_task-MachineLearningEEG_run-033_ieeg.vhdr	n/a
ieeg/sub-002_task-MachineLearningEEG_run-034_ieeg.vhdr	n/a
ieeg/sub-002_task-MachineLearningEEG_run-035_ieeg.vhdr	n/a
ieeg/sub-002_task-MachineLearningEEG_run-036_ieeg.vhdr	n/a
ieeg/sub-002_task-MachineLearningEEG_run-037_ieeg.vhdr	n/a
ieeg/sub-002_task-MachineLearningEEG_run-038_ieeg.vhdr	n/a
ieeg/sub-002_task-MachineLearningEEG_run-039_ieeg.vhdr	n/a
ieeg/sub-002_task-MachineLearningEEG_run-040_ieeg.vhdr	n/a
ieeg/sub-002_task-MachineLearningEEG_run-041_ieeg.vhdr	n/a
ieeg/sub-002_task-MachineLearningEEG_run-042_ieeg.vhdr	n/a
ieeg/sub-002_task-MachineLearningEEG_run-043_ieeg.vhdr	n/a
ieeg/sub-002_task-MachineLearningEEG_run-044_ieeg.vhdr	n/a
ieeg/sub-002_task-MachineLearningEEG_run-045_ieeg.vhdr	n/a
ieeg/sub-002_task-MachineLearningEEG_run-046_ieeg.vhdr	n/a
ieeg/sub-002_task-MachineLearningEEG_run-047_ieeg.vhdr	n/a
ieeg/sub-002_task-MachineLearningEEG_run-048_ieeg.vhdr	n/a
ieeg/sub-002_task-MachineLearningEEG_run-049_ieeg.vhdr	n/a
ieeg/sub-002_task-MachineLearningEEG_run-050_ieeg.vhdr	n/a
ieeg/sub-002_task-MachineLearningEEG_run-051_ieeg.vhdr	n/a
ieeg/sub-002_task-MachineLearningEEG_run-052_ieeg.vhdr	n/a
ieeg/sub-002_task-MachineLearningEEG_run-053_ieeg.vhdr	n/a
ieeg/sub-002_task-MachineLearningEEG_run-054_ieeg.vhdr	n/a
ieeg/sub-002_task-MachineLearningEEG_run-055_ieeg.vhdr	n/a
ieeg/sub-002_task-MachineLearningEEG_run-056_ieeg.vhdr	n/a
ieeg/sub-002_task-MachineLearningEEG_run-057_ieeg.vhdr	n/a
ieeg/sub-002_task-MachineLearningEEG_run-058_ieeg.vhdr	n/a
ieeg/sub-002_task-MachineLearningEEG_run-059_ieeg.vhdr	n/a
ieeg/sub-002_task-MachineLearningEEG_run-060_ieeg.vhdr	n/a
ieeg/sub-002_task-MachineLearningEEG_run-061_ieeg.vhdr	n/a
ieeg/sub-002_task-MachineLearningEEG_run-062_ieeg.vhdr	n/a
ieeg/sub-002_task-MachineLearningEEG_run-063_ieeg.vhdr	n/a
ieeg/sub-002_task-MachineLearningEEG_run-064_ieeg.vhdr	n/a
ieeg/sub-002_task-MachineLearningEEG_run-065_ieeg.vhdr	n/a
